generation,genome,fitness,complete_lines,aggregate_height,holes,bumpiness
1,1,0,0.746,0.714,0.414,0.118
1,2,0,-0.967,-0.33,0.045,-0.077
1,3,0,-0.355,-0.255,0.455,0.092
1,4,0,-0.079,-0.829,-0.613,0.096
1,5,0,0.166,-0.275,0.209,0.696
1,6,0,0.711,0.535,-0.039,0.69
1,7,0,-0.642,0.354,0.684,0.313
1,8,0,0.141,-0.932,0.856,0.983
1,9,0,-0.893,-0.155,0.545,-0.516
1,10,0,0.009,-0.833,-0.843,0.264
1,11,0,0.327,-0.525,0.195,0.823
1,12,0,0.965,-0.24,0.843,0.94
1,13,0,-0.888,-0.027,-0.199,0.218
1,14,0,-0.203,0.375,0.806,-0.634
1,15,0,-0.482,0.153,-0.848,0.732
1,16,0,-0.095,-0.693,-0.669,0.393
1,17,0,-0.668,0.602,-0.919,0.236
1,18,0,0.446,0.254,0.829,-0.918
1,19,0,-0.014,-0.763,0.714,0.814
1,20,0,-0.843,-0.004,0.113,0.521
1,21,0,-0.778,0.258,0.202,-0.595
1,22,0,-0.708,0.624,0.16,-0.995
1,23,0,-0.11,0.12,-0.722,0.158
1,24,0,0.842,-0.088,-0.892,0.543
1,25,0,0.611,-0.407,0.053,0.909
1,26,0,-0.519,0.058,0.873,0.647
1,27,0,-0.27,0.616,0.274,-0.362
1,28,0,-0.69,0.813,-0.957,-0.071
1,29,0,-0.414,0.11,0.545,0.482
1,30,0,-0.185,-0.639,-0.775,-0.051
1,31,0,0.681,-0.316,0.02,0.648
1,32,0,0.449,0.496,0.131,-0.621
1,33,0,-0.284,-0.498,-0.477,0.37
1,34,0,-0.829,-0.427,-0.782,-0.201
1,35,0,0.574,0.375,-0.041,0.717
1,36,0,0.187,-0.564,-0.611,0.659
1,37,0,-0.677,-0.407,-0.157,-0.184
1,38,0,-0.746,0.516,-0.002,0.147
1,39,0,0.331,0.661,0.388,-0.288
1,40,0,0.333,-0.057,-0.984,0.323
1,41,0,-0.948,0.434,0.383,0.07
1,42,0,0.241,0.425,0.003,0.093
1,43,0,0.111,0.315,-0.098,-0.196
1,44,0,0.561,0.729,-0.646,0.457
1,45,0,-0.494,0.691,-0.138,0.843
1,46,0,-0.508,0.204,-0.371,0.796
1,47,0,0.482,-0.338,0.024,0.952
1,48,0,0.907,0.45,-0.172,-0.169
1,49,0,0.212,-0.977,0.363,0.503
1,50,0,0.034,-0.534,0.863,0.449
1,51,0,-0.689,-0.7,0.625,0.488
1,52,0,0.237,-0.5,-0.363,0.341
1,53,0,-0.231,0.245,0.93,-0.758
1,54,0,-0.598,0.1,-0.869,0.325
1,55,0,0.084,0.192,0.038,-0.535
1,56,0,-0.755,0.036,0.709,-0.592
1,57,0,0.088,0.1,0.717,-0.354
1,58,0,-0.353,-0.715,0.36,0.757
1,59,0,0.654,-0.589,0.407,0.469
1,60,0,-0.074,0.764,0.133,-0.816
1,61,0,0.566,0.06,-0.939,0.335
1,62,0,-0.274,0.483,0.672,-0.646
1,63,0,-0.974,0.455,-0.642,0.964
1,64,0,0.292,0.695,-0.301,0.533
1,65,0,0.378,0.588,0.993,-0.527
1,66,0,0.414,0.977,-0.858,0.867
1,67,0,0.687,0.992,-0.528,-0.265
1,68,0,-0.727,0.288,0.431,-0.175
1,69,0,0.254,0.898,-0.479,-0.377
1,70,0,-0.178,-0.29,0.25,0.136
1,71,0,0.085,0.531,-0.408,0.04
1,72,0,0.04,-0.906,0.464,0.741
1,73,0,-0.717,0.974,0.122,0.925
1,74,0,-0.677,0.933,-0.404,0.432
1,75,0,0.704,0.032,-0.064,0.009
1,76,0,0.977,0.418,0.798,-0.797
1,77,0,0.482,-0.928,0.043,0.422
1,78,0,0.118,0.866,0.563,-0.829
1,79,400,-0.827,-0.666,-0.337,-0.088
1,80,400,0.297,-0.573,0.867,-0.771
1,81,1200,-0.161,-0.856,0.697,-0.253
1,82,1200,0.242,-0.124,0.16,-0.215
1,83,1600,-0.535,0.514,-0.839,-0.353
1,84,2000,-0.665,-0.995,0.229,-0.769
1,85,2600,-0.404,-0.478,0.051,-0.719
1,86,2800,-0.115,-0.635,-0.084,-0.656
1,87,3200,-0.84,-0.469,-0.922,-0.51
1,88,4000,0.538,0.049,-0.755,-0.969
1,89,4400,-0.229,-0.671,-0.414,-0.868
1,90,4400,0.164,0.563,-0.705,-0.211
1,91,4800,0.128,-0.126,-0.542,-0.796
1,92,6600,0.019,-0.342,-0.281,-0.979
1,93,6800,-0.332,-0.955,0.39,-0.356
1,94,7200,0.665,-0.071,-0.056,-0.181
1,95,9000,0.483,-0.674,0.31,-0.4
1,96,11000,0.657,-0.619,0.013,-0.657
1,97,44400,0.597,-0.514,-0.064,-0.103
1,98,47880,0.423,-0.967,-0.889,-0.511
1,99,53740,0.844,0.155,-0.77,-0.08
1,100,75880,0.485,-0.916,-0.824,-0.283
2,1,0,-0.974,0.455,-0.642,0.964
2,2,0,0.254,0.898,-0.479,-0.377
2,3,0,-0.178,-0.29,0.25,0.136
2,4,0,-0.727,0.288,0.431,-0.175
2,5,0,0.687,0.992,-0.528,-0.265
2,6,0,0.414,0.977,-0.858,0.867
2,7,0,-0.676,0.068,-0.1,-0.133
2,8,0,0.085,0.531,-0.408,0.04
2,9,0,-0.274,0.483,0.672,-0.646
2,10,0,0.242,-0.124,0.2,-0.215
2,11,0,-0.717,0.974,0.122,0.925
2,12,0,0.04,-0.906,0.464,0.741
2,13,0,-0.827,-0.666,-0.3,-0.088
2,14,0,0.378,0.588,0.993,-0.527
2,15,0,-0.689,-0.7,0.625,0.488
2,16,0,0.654,-0.589,0.407,0.469
2,17,0,-0.353,-0.715,0.36,0.757
2,18,0,-0.074,0.764,0.133,-0.816
2,19,0,0.566,0.06,-0.939,0.335
2,20,0,0.292,0.695,-0.301,0.533
2,21,0,0.088,0.1,0.717,-0.354
2,22,0,0.084,0.192,0.038,-0.535
2,23,0,0.237,-0.5,-0.363,0.341
2,24,0,-0.755,0.036,0.709,-0.592
2,25,0,-0.231,0.245,0.93,-0.758
2,26,0,-0.598,0.1,-0.869,0.325
2,27,0,0.704,0.032,-0.064,0.009
2,28,0,-0.677,0.933,-0.404,0.432
2,29,0,0.977,0.418,0.798,-0.797
2,30,0,0.242,-0.124,0.16,-0.215
2,31,0,-0.161,-0.856,0.697,-0.253
2,32,0,0.297,-0.573,0.867,-0.771
2,33,0,0.261,-0.622,0.2,0.847
2,34,0,-0.29,1.339,-0.1,-0.059
2,35,0,-0.333,0.068,0.7,-0.473
2,36,0,0.332,-0.711,-0.2,0.367
2,37,0,-0.12,-0.102,0.4,-0.066
2,38,0,0.482,-0.928,0.043,0.422
2,39,0,-0.827,-0.666,-0.3,-0.088
2,40,0,0.118,0.866,0.563,-0.829
2,41,0,-0.827,-0.666,-0.337,-0.088
2,42,400,-0.404,-0.478,0.051,-0.719
2,43,400,-0.535,0.514,-0.839,-0.353
2,44,400,0.297,-0.573,0.9,-0.771
2,45,1400,-0.655,-0.575,-0.5,-0.44
2,46,1600,-0.229,-0.671,-0.414,-0.868
2,47,1800,-0.84,-0.469,-0.9,-0.51
2,48,2000,-0.665,-0.995,0.229,-0.769
2,49,2000,-0.095,0.076,-0.4,-0.385
2,50,2200,-0.692,-0.94,0.1,-0.656
2,51,2400,0.128,-0.126,-0.542,-0.796
2,52,2800,0.077,0.02,-0.5,-0.672
2,53,2800,-0.327,-0.597,0.3,-0.572
2,54,3000,-0.115,-0.635,-0.1,-0.656
2,55,4200,-0.344,-0.785,0,-0.703
2,56,4200,0.483,-0.674,0.31,-0.4
2,57,4200,-0.105,-0.382,-0.3,-0.788
2,58,4400,0.329,-0.468,0.1,-0.393
2,59,5400,0.418,-0.515,-0.1,-0.778
2,60,5600,-0.665,-0.995,0.2,-0.769
2,61,5600,-0.261,-0.383,-0.5,-0.826
2,62,6400,-0.032,-0.054,-0.6,-0.539
2,63,6800,0.538,0.049,-0.8,-0.969
2,64,7400,-0.645,-0.473,-0.5,-0.604
2,65,8200,0.665,-0.071,-0.056,-0.181
2,66,8200,0.657,-0.619,0.013,-0.657
2,67,8400,0.341,-0.665,0.2,-0.461
2,68,8600,-0.84,-0.469,-0.922,-0.51
2,69,8800,-0.332,-0.955,0.39,-0.356
2,70,9000,0.019,-0.342,-0.3,-0.979
2,71,9200,0.019,-0.342,-0.281,-0.979
2,72,9400,0.538,0.049,-0.755,-0.969
2,73,9600,-0.115,-0.635,-0.084,-0.656
2,74,9600,-0.292,-0.843,0.1,-0.557
2,75,9600,0.5,-0.452,0,-0.575
2,76,9800,0.418,-0.919,-0.7,-0.289
2,77,10000,0.164,0.563,-0.705,-0.211
2,78,10200,0.36,-0.483,0,-0.538
2,79,10200,0.461,-0.936,-0.8,-0.371
2,80,11800,-0.269,-0.862,0.3,-0.443
2,81,12000,0.454,-0.677,0,-0.674
2,82,12000,-0.115,-0.635,-0.1,-0.656
2,83,15600,0.181,-0.5,0.2,-0.266
2,84,19600,0.66,-0.402,0,-0.469
2,85,19800,0.665,-0.071,-0.1,-0.181
2,86,23200,0.32,-0.585,-0.2,-0.624
2,87,26200,0.62,-0.028,-0.3,-0.462
2,88,27800,0.483,-0.674,0.3,-0.4
2,89,48280,0.812,0.023,-0.6,-0.178
2,90,50740,0.804,0.165,-0.8,-0.088
2,91,50880,0.844,0.155,-0.8,-0.08
2,92,51880,0.823,0.148,-0.8,-0.142
2,93,53280,0.749,0.12,-0.8,-0.104
2,94,54140,0.597,-0.514,-0.064,-0.103
2,95,54740,0.485,-0.916,-0.824,-0.283
2,96,59480,0.423,-0.967,-0.889,-0.511
2,97,63880,0.431,-0.898,-0.8,-0.292
2,98,64040,0.368,-0.942,-0.8,-0.541
2,99,64480,0.844,0.155,-0.77,-0.08
2,100,73880,0.392,-0.919,-0.9,-0.506
3,1,1600,-0.327,-0.597,0.3,-0.572
3,2,1600,0.366,-0.534,0,-0.536
3,3,1600,-0.488,-0.748,0.2,-0.609
3,4,1600,-0.344,-0.785,0,-0.703
3,5,2000,0.019,-0.342,-0.281,-0.979
3,6,2000,-0.115,-0.635,-0.1,-0.656
3,7,3000,0.418,-0.515,-0.1,-0.778
3,8,3200,0.077,0.02,-0.5,-0.672
3,9,3200,-0.261,-0.383,-0.5,-0.826
3,10,3200,0.019,-0.342,-0.3,-0.979
3,11,3800,-0.665,-0.995,0.2,-0.769
3,12,4000,0.568,-0.232,-0.2,-0.529
3,13,4000,-0.645,-0.473,-0.5,-0.604
3,14,4200,-0.84,-0.469,-0.922,-0.51
3,15,5000,-0.115,-0.635,-0.084,-0.656
3,16,5200,0.164,0.563,-0.705,-0.211
3,17,5400,0.66,-0.402,0,-0.469
3,18,5600,-0.292,-0.843,0.1,-0.557
3,19,5600,0.637,-0.188,-0.2,-0.465
3,20,6200,-0.311,-0.897,0.2,-0.461
3,21,6400,0.119,-0.402,-0.3,-0.761
3,22,6600,-0.332,-0.955,0.39,-0.356
3,23,6800,0.128,-0.126,-0.542,-0.796
3,24,7200,-0.115,-0.635,-0.1,-0.656
3,25,7400,0.5,-0.452,0,-0.575
3,26,7400,0.538,0.049,-0.755,-0.969
3,27,7400,0.341,-0.665,0.2,-0.461
3,28,7600,0.538,0.049,-0.8,-0.969
3,29,7800,-0.105,-0.382,-0.3,-0.788
3,30,9000,-0.269,-0.862,0.3,-0.443
3,31,10400,0.36,-0.483,0,-0.538
3,32,10800,0.454,-0.677,0,-0.674
3,33,10800,0.329,-0.468,0.1,-0.393
3,34,12200,0.639,-0.047,-0.2,-0.341
3,35,12800,0.665,-0.071,-0.1,-0.181
3,36,14000,0.657,-0.619,0.013,-0.657
3,37,14200,0.483,-0.674,0.31,-0.4
3,38,15400,0.181,-0.5,0.2,-0.266
3,39,16200,0.62,-0.028,-0.3,-0.462
3,40,17400,0.264,-0.551,0,-0.48
3,41,22600,0.452,-0.26,0,-0.218
3,42,23400,0.665,-0.071,-0.056,-0.181
3,43,23400,-0.032,-0.054,-0.6,-0.539
3,44,24000,0.483,-0.674,0.3,-0.4
3,45,25200,0.445,-0.228,-0.4,-0.745
3,46,30200,0.497,0.142,-0.3,-0.191
3,47,36600,0.096,-0.891,-0.4,-0.461
3,48,40200,0.32,-0.585,-0.2,-0.624
3,49,48280,0.755,0.089,-0.6,-0.249
3,50,48880,0.818,0.088,-0.7,-0.159
3,51,48940,0.597,-0.514,-0.064,-0.103
3,52,50080,0.828,0.091,-0.7,-0.128
3,53,50140,0.614,-0.484,0,-0.2
3,54,50280,0.638,-0.396,-0.8,-0.189
3,55,50680,0.382,-0.9,-0.7,-0.562
3,56,50880,0.814,0.156,-0.8,-0.115
3,57,50940,0.442,-0.874,-0.5,-0.476
3,58,50940,0.658,-0.4,-0.8,-0.185
3,59,51140,0.764,-0.03,-0.8,-0.18
3,60,51340,0.438,-0.736,-0.6,-0.456
3,61,51340,0.706,0.071,-0.6,-0.222
3,62,51540,0.403,-0.861,-0.5,-0.498
3,63,51600,0.823,0.148,-0.8,-0.142
3,64,51740,0.749,0.12,-0.8,-0.104
3,65,51740,0.741,0.093,-0.7,-0.192
3,66,51940,0.461,-0.936,-0.8,-0.371
3,67,51940,0.795,0.137,-0.8,-0.092
3,68,51940,0.786,0.134,-0.8,-0.123
3,69,52080,0.314,-0.194,-0.8,-0.292
3,70,52140,0.595,-0.502,-0.7,-0.243
3,71,52200,0.395,-0.7,-0.8,-0.281
3,72,52400,0.701,0.116,-0.6,-0.184
3,73,52740,0.345,-0.856,-0.7,-0.35
3,74,52740,0.486,-0.645,-0.7,-0.341
3,75,53140,0.579,-0.574,-0.2,-0.409
3,76,53340,0.308,-0.95,-0.7,-0.5
3,77,53600,0.423,-0.967,-0.889,-0.511
3,78,53680,0.392,-0.919,-0.9,-0.506
3,79,54280,0.844,0.155,-0.77,-0.08
3,80,54480,0.406,-0.94,-0.9,-0.508
3,81,54680,0.485,-0.916,-0.824,-0.283
3,82,55080,0.812,0.023,-0.6,-0.178
3,83,56340,0.368,-0.942,-0.8,-0.541
3,84,56340,0.453,-0.943,-0.9,-0.402
3,85,57540,0.507,-0.722,-0.5,-0.205
3,86,57680,0.431,-0.898,-0.8,-0.292
3,87,58480,0.603,-0.418,-0.8,-0.307
3,88,59480,0.765,0.099,-0.6,-0.114
3,89,59680,0.427,-0.931,-0.8,-0.398
3,90,60280,0.828,0.091,-0.7,-0.128
3,91,60480,0.764,0.007,-0.6,-0.194
3,92,60940,0.598,-0.446,-0.8,-0.316
3,93,63140,0.717,-0.19,-0.4,-0.092
3,94,64080,0.448,-0.811,-0.7,-0.498
3,95,64680,0.844,0.155,-0.8,-0.08
3,96,65280,0.418,-0.919,-0.7,-0.289
3,97,65540,0.804,0.165,-0.8,-0.088
3,98,66740,0.642,-0.383,-0.8,-0.287
3,99,72340,0.377,-0.865,-0.7,-0.35
3,100,85800,0.576,-0.435,-0.8,-0.207
4,1,6200,0.384,-0.912,-0.8,-0.431
4,2,7000,0.442,-0.874,-0.5,-0.476
4,3,30800,0.461,-0.936,-0.8,-0.371
4,4,34400,0.507,-0.722,-0.5,-0.205
4,5,38000,0.392,-0.919,-0.9,-0.506
4,6,42440,0.579,-0.574,-0.2,-0.409
4,7,43040,0.377,-0.865,-0.7,-0.35
4,8,47200,0.781,-0.015,-0.6,-0.086
4,9,48400,0.314,-0.194,-0.8,-0.292
4,10,48880,0.635,-0.402,-0.8,-0.294
4,11,48880,0.529,-0.676,-0.8,-0.354
4,12,49540,0.764,0.007,-0.6,-0.194
4,13,49680,0.411,-0.832,-0.6,-0.347
4,14,49940,0.828,0.091,-0.7,-0.128
4,15,50080,0.597,-0.459,-0.7,-0.295
4,16,50080,0.472,-0.699,-0.7,-0.429
4,17,50080,0.844,0.155,-0.77,-0.08
4,18,50280,0.787,0.075,-0.7,-0.158
4,19,50340,0.48,-0.831,-0.7,-0.302
4,20,50340,0.642,-0.383,-0.8,-0.287
4,21,50340,0.619,-0.379,-0.8,-0.292
4,22,50480,0.568,-0.35,-0.6,-0.225
4,23,50480,0.706,0.071,-0.6,-0.222
4,24,50480,0.577,-0.488,-0.6,-0.284
4,25,50480,0.552,-0.545,-0.6,-0.304
4,26,50540,0.443,-0.762,-0.5,-0.455
4,27,50540,0.531,-0.622,-0.5,-0.385
4,28,50680,0.749,0.12,-0.8,-0.104
4,29,50800,0.617,-0.444,-0.4,-0.146
4,30,50880,0.812,0.023,-0.6,-0.178
4,31,50940,0.814,0.156,-0.8,-0.115
4,32,51200,0.308,-0.95,-0.7,-0.5
4,33,51480,0.765,0.099,-0.6,-0.114
4,34,51680,0.741,0.093,-0.7,-0.192
4,35,51680,0.54,-0.574,-0.7,-0.292
4,36,51740,0.435,-0.802,-0.6,-0.286
4,37,51740,0.488,-0.684,-0.8,-0.424
4,38,51940,0.601,-0.414,-0.7,-0.35
4,39,51940,0.4,-0.895,-0.7,-0.372
4,40,51940,0.491,-0.759,-0.6,-0.459
4,41,52080,0.597,-0.514,-0.064,-0.103
4,42,52140,0.656,-0.358,-0.5,-0.192
4,43,52140,0.431,-0.898,-0.8,-0.292
4,44,52280,0.781,-0.015,-0.6,-0.086
4,45,52400,0.597,-0.384,-0.7,-0.223
4,46,52540,0.458,-0.828,-0.7,-0.352
4,47,52680,0.614,-0.484,0,-0.2
4,48,52680,0.685,-0.202,-0.7,-0.25
4,49,52740,0.411,-0.872,-0.7,-0.518
4,50,52740,0.785,0.134,-0.7,-0.1
4,51,52940,0.598,-0.446,-0.8,-0.316
4,52,52940,0.662,-0.356,-0.8,-0.23
4,53,52940,0.658,-0.4,-0.8,-0.185
4,54,53280,0.486,-0.645,-0.7,-0.341
4,55,53340,0.701,0.116,-0.6,-0.184
4,56,53480,0.844,0.155,-0.8,-0.08
4,57,53880,0.403,-0.861,-0.5,-0.498
4,58,54140,0.345,-0.856,-0.7,-0.35
4,59,54140,0.368,-0.942,-0.8,-0.541
4,60,54200,0.576,-0.435,-0.8,-0.207
4,61,54280,0.429,-0.915,-0.8,-0.346
4,62,54280,0.625,-0.394,-0.8,-0.294
4,63,54540,0.423,-0.967,-0.889,-0.511
4,64,54540,0.764,-0.03,-0.8,-0.18
4,65,54740,0.438,-0.736,-0.6,-0.456
4,66,54880,0.422,-0.86,-0.8,-0.502
4,67,55080,0.502,-0.658,-0.8,-0.402
4,68,55340,0.828,0.091,-0.7,-0.128
4,69,55480,0.585,-0.44,-0.8,-0.252
4,70,56000,0.395,-0.7,-0.8,-0.281
4,71,56400,0.553,-0.468,-0.7,-0.279
4,72,56600,0.505,-0.731,-0.8,-0.326
4,73,56600,0.371,-0.94,-0.8,-0.446
4,74,57080,0.595,-0.502,-0.7,-0.243
4,75,57140,0.388,-0.534,-0.7,-0.406
4,76,58540,0.517,-0.666,-0.8,-0.304
4,77,59740,0.433,-0.866,-0.7,-0.393
4,78,59880,0.418,-0.919,-0.7,-0.289
4,79,60280,0.437,-0.882,-0.8,-0.504
4,80,61280,0.717,-0.19,-0.4,-0.092
4,81,62080,0.823,0.148,-0.8,-0.142
4,82,62280,0.786,0.134,-0.8,-0.123
4,83,62940,0.531,-0.648,-0.8,-0.288
4,84,63000,0.804,0.165,-0.8,-0.088
4,85,63200,0.485,-0.916,-0.824,-0.283
4,86,63880,0.453,-0.943,-0.9,-0.402
4,87,64540,0.795,0.137,-0.8,-0.092
4,88,64540,0.448,-0.811,-0.7,-0.498
4,89,64880,0.427,-0.931,-0.8,-0.398
4,90,64880,0.406,-0.94,-0.9,-0.508
4,91,64900,0.597,-0.472,-0.8,-0.282
4,92,65140,0.603,-0.418,-0.8,-0.307
4,93,65280,0.46,-0.827,-0.6,-0.25
4,94,66040,0.382,-0.9,-0.7,-0.562
4,95,66080,0.465,-0.736,-0.7,-0.427
4,96,66140,0.638,-0.396,-0.8,-0.189
4,97,66940,0.406,-0.919,-0.8,-0.387
4,98,67680,0.393,-0.811,-0.9,-0.395
4,99,73340,0.754,-0.114,-0.8,-0.131
4,100,74340,0.401,-0.823,-0.9,-0.397
5,1,1400,0.568,-0.531,-0.8,-0.298
5,2,2200,0.429,-0.941,-0.9,-0.455
5,3,9800,0.576,-0.435,-0.8,-0.207
5,4,31600,0.658,-0.4,-0.8,-0.185
5,5,36600,0.544,-0.537,-0.7,-0.259
5,6,45800,0.472,-0.871,-0.7,-0.266
5,7,49080,0.844,0.155,-0.8,-0.08
5,8,49280,0.633,-0.359,-0.8,-0.32
5,9,49340,0.658,-0.34,-0.5,-0.165
5,10,49480,0.394,-0.91,-0.8,-0.474
5,11,49480,0.701,0.116,-0.6,-0.184
5,12,49540,0.465,-0.736,-0.7,-0.427
5,13,49680,0.786,0.134,-0.8,-0.123
5,14,49680,0.828,0.091,-0.7,-0.128
5,15,49740,0.437,-0.882,-0.8,-0.504
5,16,49880,0.592,-0.414,-0.9,-0.319
5,17,50000,0.413,-0.873,-0.9,-0.397
5,18,50080,0.717,-0.19,-0.4,-0.092
5,19,50340,0.496,-0.618,-0.9,-0.352
5,20,50480,0.81,0.116,-0.8,-0.109
5,21,50880,0.453,-0.943,-0.9,-0.402
5,22,50880,0.795,0.137,-0.8,-0.092
5,23,50880,0.433,-0.874,-0.7,-0.319
5,24,50880,0.403,-0.861,-0.5,-0.498
5,25,50940,0.617,-0.411,-0.9,-0.264
5,26,51080,0.382,-0.9,-0.7,-0.562
5,27,51140,0.644,-0.376,-0.8,-0.186
5,28,51140,0.449,-0.853,-0.7,-0.372
5,29,51280,0.492,-0.661,-0.7,-0.435
5,30,51280,0.462,-0.899,-0.8,-0.391
5,31,51340,0.388,-0.534,-0.7,-0.406
5,32,51480,0.406,-0.94,-0.9,-0.508
5,33,51680,0.436,-0.837,-0.8,-0.467
5,34,51680,0.585,-0.44,-0.8,-0.252
5,35,51680,0.48,-0.659,-0.9,-0.335
5,36,51680,0.58,-0.441,-0.8,-0.294
5,37,51940,0.502,-0.658,-0.8,-0.402
5,38,52080,0.627,-0.348,-0.7,-0.171
5,39,52080,0.531,-0.648,-0.8,-0.288
5,40,52280,0.448,-0.811,-0.7,-0.498
5,41,52340,0.683,-0.257,-0.8,-0.214
5,42,52480,0.46,-0.827,-0.6,-0.25
5,43,52600,0.463,-0.781,-0.7,-0.339
5,44,52600,0.544,-0.537,-0.7,-0.259
5,45,52600,0.764,-0.03,-0.8,-0.18
5,46,52680,0.595,-0.502,-0.7,-0.243
5,47,52680,0.662,-0.356,-0.8,-0.23
5,48,53280,0.568,-0.531,-0.8,-0.298
5,49,53340,0.588,-0.38,-0.7,-0.331
5,50,53340,0.823,0.148,-0.8,-0.142
5,51,53480,0.599,-0.559,-0.6,-0.189
5,52,54200,0.443,-0.845,-0.7,-0.501
5,53,54480,0.393,-0.811,-0.9,-0.395
5,54,54480,0.611,-0.46,-0.8,-0.299
5,55,54540,0.598,-0.446,-0.8,-0.316
5,56,54540,0.435,-0.828,-0.8,-0.407
5,57,54540,0.511,-0.698,-0.8,-0.315
5,58,54680,0.475,-0.824,-0.8,-0.357
5,59,55200,0.495,-0.673,-0.8,-0.372
5,60,55280,0.463,-0.781,-0.7,-0.339
5,61,55280,0.486,-0.645,-0.7,-0.341
5,62,55440,0.603,-0.418,-0.8,-0.307
5,63,55540,0.371,-0.94,-0.8,-0.446
5,64,55680,0.597,-0.472,-0.8,-0.282
5,65,55880,0.513,-0.622,-0.9,-0.299
5,66,56480,0.461,-0.743,-0.9,-0.347
5,67,56600,0.553,-0.468,-0.7,-0.279
5,68,56740,0.589,-0.348,-0.9,-0.247
5,69,57340,0.422,-0.86,-0.8,-0.502
5,70,57740,0.368,-0.942,-0.8,-0.541
5,71,59400,0.399,-0.865,-0.9,-0.391
5,72,61080,0.429,-0.915,-0.8,-0.346
5,73,61080,0.423,-0.967,-0.889,-0.511
5,74,61480,0.401,-0.823,-0.9,-0.397
5,75,61480,0.438,-0.736,-0.6,-0.456
5,76,62280,0.804,0.165,-0.8,-0.088
5,77,62680,0.505,-0.731,-0.8,-0.326
5,78,62800,0.405,-0.91,-0.8,-0.476
5,79,63280,0.513,-0.622,-0.9,-0.299
5,80,63540,0.638,-0.396,-0.8,-0.189
5,81,64280,0.625,-0.394,-0.8,-0.294
5,82,64480,0.433,-0.866,-0.7,-0.393
5,83,64540,0.761,-0.01,-0.6,-0.09
5,84,64880,0.581,-0.449,-0.8,-0.258
5,85,64880,0.427,-0.931,-0.8,-0.398
5,86,65280,0.517,-0.666,-0.8,-0.304
5,87,65680,0.581,-0.358,-0.9,-0.265
5,88,66540,0.395,-0.7,-0.8,-0.281
5,89,66740,0.345,-0.856,-0.7,-0.35
5,90,67340,0.485,-0.916,-0.824,-0.283
5,91,67640,0.617,-0.409,-0.8,-0.271
5,92,68000,0.388,-0.874,-0.9,-0.418
5,93,68340,0.47,-0.805,-0.8,-0.353
5,94,68640,0.406,-0.919,-0.8,-0.387
5,95,71940,0.435,-0.828,-0.8,-0.407
5,96,73880,0.418,-0.919,-0.7,-0.289
5,97,74640,0.397,-0.817,-0.9,-0.396
5,98,75340,0.754,-0.114,-0.8,-0.131
5,99,76940,0.441,-0.837,-0.7,-0.448
5,100,78540,0.426,-0.819,-0.8,-0.324
6,1,12800,0.443,-0.864,-0.7,-0.32
6,2,15200,0.429,-0.915,-0.8,-0.346
6,3,32800,0.419,-0.827,-0.8,-0.422
6,4,40400,0.513,-0.622,-0.9,-0.299
6,5,42200,0.553,-0.468,-0.7,-0.279
6,6,48680,0.371,-0.94,-0.8,-0.446
6,7,49080,0.427,-0.931,-0.8,-0.398
6,8,49880,0.599,-0.559,-0.6,-0.189
6,9,50000,0.433,-0.866,-0.7,-0.393
6,10,50140,0.368,-0.942,-0.8,-0.541
6,11,50280,0.525,-0.635,-0.7,-0.378
6,12,50340,0.589,-0.348,-0.9,-0.247
6,13,50480,0.397,-0.817,-0.9,-0.396
6,14,50680,0.495,-0.673,-0.8,-0.372
6,15,50680,0.511,-0.666,-0.8,-0.329
6,16,50740,0.597,-0.438,-0.6,-0.241
6,17,50740,0.416,-0.822,-0.9,-0.401
6,18,50880,0.396,-0.762,-0.9,-0.342
6,19,51280,0.597,-0.472,-0.8,-0.282
6,20,51280,0.43,-0.823,-0.8,-0.364
6,21,51280,0.576,-0.464,-0.8,-0.263
6,22,51280,0.804,0.165,-0.8,-0.088
6,23,51340,0.405,-0.91,-0.8,-0.476
6,24,51400,0.754,-0.114,-0.8,-0.131
6,25,51400,0.761,-0.01,-0.6,-0.09
6,26,51480,0.513,-0.622,-0.9,-0.299
6,27,51480,0.443,-0.845,-0.7,-0.501
6,28,51540,0.419,-0.827,-0.8,-0.422
6,29,51540,0.588,-0.498,-0.8,-0.253
6,30,51680,0.588,-0.513,-0.8,-0.209
6,31,51740,0.625,-0.394,-0.8,-0.294
6,32,51740,0.511,-0.666,-0.8,-0.329
6,33,51800,0.588,-0.498,-0.8,-0.253
6,34,51880,0.438,-0.736,-0.6,-0.456
6,35,52080,0.638,-0.396,-0.8,-0.189
6,36,52080,0.512,-0.665,-0.8,-0.342
6,37,52140,0.399,-0.865,-0.9,-0.391
6,38,52140,0.426,-0.819,-0.8,-0.324
6,39,52540,0.611,-0.46,-0.8,-0.299
6,40,52540,0.487,-0.576,-0.8,-0.27
6,41,52540,0.475,-0.824,-0.8,-0.357
6,42,52800,0.463,-0.781,-0.7,-0.339
6,43,53000,0.42,-0.779,-0.7,-0.426
6,44,53080,0.47,-0.805,-0.8,-0.353
6,45,53140,0.356,-0.896,-0.7,-0.439
6,46,53340,0.426,-0.874,-0.7,-0.347
6,47,53400,0.415,-0.821,-0.8,-0.356
6,48,53540,0.581,-0.449,-0.8,-0.258
6,49,53680,0.407,-0.868,-0.8,-0.343
6,50,53740,0.577,-0.454,-0.7,-0.218
6,51,53800,0.431,-0.89,-0.7,-0.37
6,52,53880,0.619,-0.443,-0.8,-0.237
6,53,54140,0.411,-0.87,-0.9,-0.397
6,54,54280,0.617,-0.409,-0.8,-0.271
6,55,54280,0.389,-0.836,-0.8,-0.336
6,56,54340,0.422,-0.86,-0.8,-0.502
6,57,54480,0.401,-0.823,-0.9,-0.397
6,58,54680,0.474,-0.837,-0.9,-0.312
6,59,54880,0.505,-0.731,-0.8,-0.326
6,60,55080,0.423,-0.967,-0.889,-0.511
6,61,55140,0.407,-0.902,-0.9,-0.408
6,62,55280,0.435,-0.828,-0.8,-0.407
6,63,55480,0.603,-0.418,-0.8,-0.307
6,64,55480,0.598,-0.463,-0.8,-0.266
6,65,55740,0.511,-0.666,-0.8,-0.329
6,66,55800,0.43,-0.877,-0.7,-0.37
6,67,55880,0.596,-0.479,-0.7,-0.291
6,68,55880,0.441,-0.837,-0.7,-0.448
6,69,55940,0.443,-0.864,-0.7,-0.32
6,70,56340,0.459,-0.871,-0.8,-0.347
6,71,56680,0.486,-0.645,-0.7,-0.341
6,72,56940,0.435,-0.828,-0.8,-0.407
6,73,57000,0.44,-0.809,-0.8,-0.282
6,74,57080,0.412,-0.764,-0.8,-0.304
6,75,57400,0.485,-0.916,-0.824,-0.283
6,76,57880,0.45,-0.792,-0.8,-0.369
6,77,58400,0.391,-0.788,-0.9,-0.35
6,78,59400,0.425,-0.894,-0.7,-0.337
6,79,60480,0.418,-0.919,-0.7,-0.289
6,80,60680,0.452,-0.835,-0.8,-0.372
6,81,60940,0.395,-0.7,-0.8,-0.281
6,82,61540,0.436,-0.895,-0.9,-0.351
6,83,62080,0.436,-0.786,-0.7,-0.43
6,84,62740,0.588,-0.436,-0.8,-0.275
6,85,62880,0.509,-0.656,-0.8,-0.357
6,86,62940,0.393,-0.811,-0.9,-0.395
6,87,63140,0.407,-0.868,-0.8,-0.343
6,88,63480,0.508,-0.55,-0.8,-0.287
6,89,63740,0.581,-0.358,-0.9,-0.265
6,90,64080,0.517,-0.666,-0.8,-0.304
6,91,64100,0.511,-0.698,-0.8,-0.315
6,92,64280,0.419,-0.826,-0.8,-0.402
6,93,64480,0.514,-0.675,-0.7,-0.291
6,94,64680,0.345,-0.856,-0.7,-0.35
6,95,65480,0.406,-0.919,-0.8,-0.387
6,96,66740,0.401,-0.811,-0.8,-0.335
6,97,66880,0.461,-0.743,-0.9,-0.347
6,98,67400,0.446,-0.812,-0.8,-0.337
6,99,69800,0.388,-0.874,-0.9,-0.418
6,100,83140,0.598,-0.446,-0.8,-0.316
7,1,12600,-0.078,-0.855,-0.8,-0.319
7,2,19000,0.422,-0.86,-0.8,-0.502
7,3,24600,0.412,-0.764,-0.8,-0.304
7,4,33200,0.598,-0.463,-0.8,-0.266
7,5,34000,0.399,-0.83,-0.8,-0.346
7,6,41800,0.405,-0.883,-0.8,-0.381
7,7,46100,0.517,-0.666,-0.8,-0.304
7,8,49280,0.419,-0.826,-0.8,-0.402
7,9,49680,0.477,-0.741,-0.8,-0.4
7,10,50280,0.596,-0.479,-0.7,-0.291
7,11,50480,0.441,-0.837,-0.7,-0.448
7,12,50480,0.483,-0.672,-0.9,-0.369
7,13,50500,0.51,-0.624,-0.8,-0.301
7,14,50540,0.405,-0.864,-0.8,-0.343
7,15,50740,0.511,-0.698,-0.8,-0.315
7,16,50880,0.436,-0.786,-0.7,-0.43
7,17,50880,0.453,-0.684,-0.8,-0.312
7,18,51140,0.469,-0.744,-0.8,-0.391
7,19,51140,0.45,-0.774,-0.9,-0.363
7,20,51280,0.481,-0.741,-0.8,-0.321
7,21,51280,0.509,-0.656,-0.8,-0.357
7,22,51280,0.514,-0.675,-0.7,-0.291
7,23,51480,0.486,-0.645,-0.7,-0.341
7,24,51480,0.489,-0.59,-0.8,-0.301
7,25,51540,0.438,-0.818,-0.8,-0.344
7,26,51600,0.619,-0.443,-0.8,-0.237
7,27,51740,0.47,-0.772,-0.8,-0.401
7,28,51740,0.418,-0.856,-0.9,-0.397
7,29,51880,0.513,-0.654,-0.8,-0.347
7,30,51880,0.502,-0.641,-0.8,-0.363
7,31,52080,0.423,-0.967,-0.889,-0.511
7,32,52140,0.588,-0.436,-0.8,-0.275
7,33,52280,0.435,-0.804,-0.9,-0.345
7,34,52480,0.45,-0.792,-0.8,-0.369
7,35,52480,0.435,-0.828,-0.8,-0.407
7,36,52540,0.461,-0.743,-0.9,-0.347
7,37,52740,0.488,-0.705,-0.9,-0.326
7,38,52880,0.449,-0.823,-0.8,-0.354
7,39,52940,0.511,-0.666,-0.8,-0.329
7,40,52940,0.435,-0.828,-0.8,-0.407
7,41,53080,0.411,-0.87,-0.9,-0.397
7,42,53080,0.472,-0.667,-0.8,-0.358
7,43,53080,0.44,-0.809,-0.8,-0.282
7,44,53080,0.436,-0.895,-0.9,-0.351
7,45,53140,0.431,-0.89,-0.7,-0.37
7,46,53200,0.52,-0.612,-0.8,-0.353
7,47,53280,0.487,-0.625,-0.8,-0.331
7,48,53340,0.522,-0.575,-0.8,-0.311
7,49,53340,0.474,-0.837,-0.9,-0.312
7,50,53480,0.369,-0.78,-0.7,-0.317
7,51,53480,0.4,-0.866,-0.8,-0.391
7,52,53680,0.425,-0.894,-0.7,-0.337
7,53,53680,0.394,-0.843,-0.9,-0.377
7,54,53680,0.393,-0.811,-0.9,-0.395
7,55,53940,0.45,-0.774,-0.9,-0.363
7,56,53940,0.447,-0.79,-0.9,-0.369
7,57,54340,0.433,-0.801,-0.8,-0.339
7,58,54340,0.439,-0.805,-0.8,-0.282
7,59,54740,0.452,-0.835,-0.8,-0.372
7,60,54940,0.427,-0.839,-0.8,-0.34
7,61,55140,0.485,-0.916,-0.824,-0.283
7,62,55140,0.598,-0.446,-0.8,-0.316
7,63,55280,0.617,-0.409,-0.8,-0.271
7,64,55280,0.443,-0.864,-0.7,-0.32
7,65,55400,0.428,-0.777,-0.7,-0.333
7,66,55540,0.454,-0.741,-0.8,-0.332
7,67,55740,0.446,-0.812,-0.8,-0.337
7,68,55940,0.406,-0.919,-0.8,-0.387
7,69,56340,0.484,-0.701,-0.9,-0.352
7,70,56400,0.399,-0.857,-0.8,-0.37
7,71,56540,0.514,-0.682,-0.8,-0.31
7,72,57200,0.459,-0.871,-0.8,-0.347
7,73,57340,0.345,-0.856,-0.7,-0.35
7,74,59140,0.407,-0.868,-0.8,-0.343
7,75,60680,0.497,-0.653,-0.8,-0.309
7,76,60740,0.458,-0.81,-0.8,-0.351
7,77,61280,0.43,-0.877,-0.7,-0.37
7,78,61280,0.41,-0.842,-0.8,-0.383
7,79,61540,0.439,-0.805,-0.8,-0.282
7,80,62680,0.401,-0.811,-0.8,-0.335
7,81,62800,0.462,-0.766,-0.8,-0.323
7,82,63480,0.394,-0.843,-0.9,-0.377
7,83,63540,0.411,-0.833,-0.8,-0.424
7,84,63680,0.521,-0.632,-0.8,-0.323
7,85,63940,0.401,-0.823,-0.9,-0.397
7,86,63940,0.508,-0.55,-0.8,-0.287
7,87,64080,0.406,-0.819,-0.8,-0.399
7,88,64140,0.603,-0.418,-0.8,-0.307
7,89,64680,0.483,-0.667,-0.9,-0.35
7,90,64940,0.395,-0.7,-0.8,-0.281
7,91,65540,0.49,-0.624,-0.9,-0.335
7,92,65740,0.418,-0.919,-0.7,-0.289
7,93,66740,0.581,-0.358,-0.9,-0.265
7,94,66900,0.389,-0.836,-0.8,-0.336
7,95,67880,0.516,-0.62,-0.8,-0.337
7,96,69740,0.391,-0.788,-0.9,-0.35
7,97,74340,0.416,-0.844,-0.9,-0.378
7,98,76480,0.505,-0.731,-0.8,-0.326
7,99,88900,0.388,-0.874,-0.9,-0.418
7,100,89000,0.407,-0.902,-0.9,-0.408
8,1,0,0.453,-0.737,-0.8,0.535
8,2,4200,0.396,-0.85,-0.9,-0.374
8,3,5600,0.505,-1.544,-0.8,-0.353
8,4,9200,0.421,-0.836,-0.8,-0.328
8,5,11000,0.408,-0.83,-0.8,-0.391
8,6,15800,0.439,-0.844,-0.7,-0.306
8,7,46040,0.389,-0.836,-0.8,-0.336
8,8,50140,0.406,-0.822,-0.8,-0.38
8,9,50280,0.406,-0.919,-0.8,-0.387
8,10,50940,0.509,-0.606,-0.8,-0.315
8,11,51140,0.463,-0.717,-0.8,-0.367
8,12,51140,0.433,-0.801,-0.8,-0.339
8,13,51340,0.4,-0.866,-0.8,-0.391
8,14,51480,0.416,-0.844,-0.9,-0.378
8,15,51480,0.417,-0.879,-0.8,-0.336
8,16,51540,0.514,-0.682,-0.8,-0.31
8,17,51540,0.454,-0.741,-0.8,-0.332
8,18,51680,0.462,-0.752,-0.9,-0.318
8,19,51880,0.478,-0.683,-0.9,-0.371
8,20,51940,0.401,-0.811,-0.8,-0.335
8,21,52080,0.558,-0.522,-0.8,-0.322
8,22,52140,0.456,-0.739,-0.8,-0.343
8,23,52140,0.428,-0.777,-0.7,-0.333
8,24,52140,0.415,-0.799,-0.9,-0.344
8,25,52280,0.394,-0.843,-0.9,-0.377
8,26,52340,0.462,-0.766,-0.8,-0.323
8,27,52480,0.41,-0.872,-0.8,-0.342
8,28,52540,0.345,-0.856,-0.7,-0.35
8,29,52540,0.446,-0.715,-0.9,-0.335
8,30,52540,0.439,-0.805,-0.8,-0.282
8,31,52680,0.427,-0.839,-0.8,-0.34
8,32,53080,0.388,-0.874,-0.9,-0.418
8,33,53140,0.495,-0.702,-0.8,-0.337
8,34,53200,0.426,-0.778,-0.8,-0.334
8,35,53280,0.484,-0.701,-0.9,-0.352
8,36,53340,0.397,-0.828,-0.8,-0.367
8,37,53400,0.443,-0.864,-0.7,-0.32
8,38,53680,0.453,-0.759,-0.8,-0.326
8,39,53940,0.452,-0.835,-0.8,-0.372
8,40,54080,0.411,-0.833,-0.8,-0.424
8,41,54140,0.452,-0.823,-0.9,-0.37
8,42,54140,0.457,-0.807,-0.8,-0.34
8,43,54280,0.425,-0.894,-0.7,-0.337
8,44,54280,0.396,-0.805,-0.9,-0.372
8,45,54340,0.41,-0.842,-0.8,-0.383
8,46,54340,0.401,-0.823,-0.9,-0.397
8,47,54680,0.541,-0.498,-0.9,-0.286
8,48,54680,0.483,-0.667,-0.9,-0.35
8,49,54880,0.497,-0.653,-0.8,-0.309
8,50,54940,0.476,-0.752,-0.8,-0.346
8,51,55080,0.418,-0.919,-0.7,-0.289
8,52,55140,0.399,-0.874,-0.9,-0.377
8,53,55140,0.45,-0.774,-0.9,-0.363
8,54,55480,0.516,-0.62,-0.8,-0.337
8,55,55600,0.406,-0.828,-0.9,-0.41
8,56,55680,0.505,-0.731,-0.8,-0.326
8,57,55740,0.407,-0.902,-0.9,-0.408
8,58,55740,0.447,-0.79,-0.9,-0.369
8,59,56080,0.399,-0.857,-0.8,-0.37
8,60,56540,0.494,-0.614,-0.9,-0.325
8,61,56740,0.485,-0.916,-0.824,-0.283
8,62,56800,0.521,-0.632,-0.8,-0.323
8,63,57280,0.465,-0.818,-0.8,-0.309
8,64,57680,0.393,-0.811,-0.9,-0.395
8,65,57940,0.406,-0.819,-0.8,-0.399
8,66,58600,0.453,-0.737,-0.8,-0.33
8,67,58740,0.581,-0.358,-0.9,-0.265
8,68,59140,0.495,-0.702,-0.8,-0.337
8,69,59400,0.533,-0.51,-0.9,-0.307
8,70,60280,0.603,-0.418,-0.8,-0.307
8,71,61000,0.43,-0.877,-0.7,-0.37
8,72,62080,0.396,-0.799,-0.9,-0.343
8,73,62740,0.399,-0.874,-0.9,-0.377
8,74,62880,0.472,-0.763,-0.9,-0.349
8,75,62880,0.598,-0.446,-0.8,-0.316
8,76,63540,0.471,-0.736,-0.9,-0.35
8,77,64340,0.439,-0.684,-0.8,-0.315
8,78,64480,0.394,-0.843,-0.9,-0.377
8,79,64740,0.416,-0.892,-0.8,-0.393
8,80,65080,0.458,-0.81,-0.8,-0.351
8,81,65340,0.398,-0.846,-0.9,-0.366
8,82,65740,0.507,-0.636,-0.8,-0.324
8,83,65940,0.508,-0.55,-0.8,-0.287
8,84,66140,0.443,-0.764,-0.9,-0.383
8,85,66540,0.439,-0.844,-0.7,-0.306
8,86,66680,0.407,-0.868,-0.8,-0.343
8,87,67140,0.396,-0.851,-0.9,-0.41
8,88,67280,0.397,-0.828,-0.8,-0.367
8,89,67840,0.395,-0.7,-0.8,-0.281
8,90,68340,0.459,-0.871,-0.8,-0.347
8,91,69940,0.437,-0.824,-0.9,-0.386
8,92,70880,0.391,-0.788,-0.9,-0.35
8,93,71480,0.512,-0.686,-0.8,-0.325
8,94,73340,0.407,-0.809,-0.8,-0.335
8,95,75680,0.435,-0.815,-0.8,-0.333
8,96,76080,0.446,-0.812,-0.8,-0.337
8,97,76280,0.49,-0.624,-0.9,-0.335
8,98,82340,0.617,-0.409,-0.8,-0.271
8,99,88340,0.401,-0.817,-0.9,-0.366
8,100,95740,0.439,-0.805,-0.8,-0.282
9,1,2600,0.396,-0.845,-0.9,-0.371
9,2,23800,0.423,-0.786,0.2,-0.35
9,3,23800,0.398,-0.846,-0.9,-0.366
9,4,31200,0.448,-0.79,-0.8,-0.34
9,5,34400,0.478,-0.751,-0.8,-0.331
9,6,40600,0.433,-0.804,-0.9,-0.363
9,7,48940,0.49,-0.624,-0.9,-0.335
9,8,49400,0.399,-0.235,-0.8,-0.342
9,9,50280,0.486,-0.681,-0.8,-0.316
9,10,50340,0.482,-0.692,-0.9,-0.338
9,11,50340,0.417,-0.761,-0.9,-0.345
9,12,50600,0.525,-0.567,-0.9,-0.308
9,13,50740,0.512,-0.686,-0.8,-0.325
9,14,50880,0.418,-0.919,-0.7,-0.289
9,15,51280,0.454,-0.727,-0.8,-0.33
9,16,51340,0.406,-0.828,-0.9,-0.41
9,17,51540,0.394,-0.751,-0.8,-0.333
9,18,51680,0.533,-0.51,-0.9,-0.307
9,19,52140,0.45,-0.774,-0.9,-0.363
9,20,52140,0.439,-0.684,-0.8,-0.315
9,21,52200,0.472,-0.763,-0.9,-0.349
9,22,52280,0.396,-0.799,-0.9,-0.343
9,23,52280,0.412,-0.863,-0.8,-0.391
9,24,52340,0.407,-0.902,-0.9,-0.408
9,25,52540,0.441,-0.813,-0.8,-0.335
9,26,52680,0.418,-0.829,-0.8,-0.348
9,27,52740,0.603,-0.418,-0.8,-0.307
9,28,52880,0.393,-0.811,-0.9,-0.395
9,29,52940,0.508,-0.55,-0.8,-0.287
9,30,52940,0.505,-0.731,-0.8,-0.326
9,31,53080,0.416,-0.892,-0.8,-0.393
9,32,53280,0.459,-0.871,-0.8,-0.347
9,33,53280,0.446,-0.812,-0.8,-0.337
9,34,53340,0.43,-0.877,-0.7,-0.37
9,35,53340,0.421,-0.811,-0.8,-0.322
9,36,53480,0.507,-0.636,-0.8,-0.324
9,37,53540,0.466,-0.784,-0.8,-0.357
9,38,53540,0.399,-0.874,-0.9,-0.377
9,39,53540,0.569,-0.472,-0.8,-0.278
9,40,53680,0.581,-0.358,-0.9,-0.265
9,41,53880,0.521,-0.632,-0.8,-0.323
9,42,54280,0.495,-0.702,-0.8,-0.337
9,43,54280,0.447,-0.79,-0.9,-0.369
9,44,54340,0.441,-0.813,-0.8,-0.335
9,45,54340,0.397,-0.837,-0.8,-0.367
9,46,54400,0.401,-0.783,-0.8,-0.312
9,47,54540,0.439,-0.844,-0.7,-0.306
9,48,54940,0.395,-0.7,-0.8,-0.281
9,49,54940,0.512,-0.584,-0.8,-0.308
9,50,54940,0.419,-0.845,-0.8,-0.336
9,51,55140,0.395,-0.821,-0.9,-0.36
9,52,55280,0.47,-0.754,-0.8,-0.3
9,53,55480,0.399,-0.857,-0.8,-0.37
9,54,56080,0.598,-0.446,-0.8,-0.316
9,55,56200,0.396,-0.851,-0.9,-0.41
9,56,56280,0.502,-0.64,-0.9,-0.329
9,57,56400,0.404,-0.813,-0.9,-0.352
9,58,56540,0.485,-0.916,-0.824,-0.283
9,59,57280,0.511,-0.629,-0.8,-0.33
9,60,57600,0.439,-0.765,-0.7,-0.31
9,61,57680,0.451,-0.758,-0.9,-0.348
9,62,57740,0.453,-0.737,-0.8,-0.33
9,63,58080,0.432,-0.839,-0.8,-0.341
9,64,58340,0.391,-0.788,-0.9,-0.35
9,65,58740,0.417,-0.816,-0.9,-0.351
9,66,59080,0.509,-0.648,-0.8,-0.325
9,67,60600,0.526,-0.659,-0.8,-0.328
9,68,61480,0.46,-0.729,-0.8,-0.33
9,69,61800,0.443,-0.764,-0.9,-0.383
9,70,62140,0.496,-0.65,-0.9,-0.341
9,71,62280,0.469,-0.692,-0.8,-0.312
9,72,62340,0.471,-0.736,-0.9,-0.35
9,73,62480,0.617,-0.409,-0.8,-0.271
9,74,62540,0.399,-0.874,-0.9,-0.377
9,75,62600,0.443,-0.827,-0.8,-0.323
9,76,62800,0.568,-0.538,-0.8,-0.296
9,77,62880,0.437,-0.824,-0.9,-0.386
9,78,63140,0.451,-0.818,-0.8,-0.365
9,79,63480,0.447,-0.673,-0.9,-0.32
9,80,63640,0.451,-0.818,-0.8,-0.365
9,81,63940,0.439,-0.805,-0.8,-0.282
9,82,64000,0.394,-0.843,-0.9,-0.377
9,83,64040,0.452,-0.811,-0.8,-0.343
9,84,64080,0.401,-0.817,-0.9,-0.366
9,85,65080,0.406,-0.819,-0.8,-0.399
9,86,65280,0.423,-0.82,-0.8,-0.351
9,87,65680,0.425,-0.814,-0.9,-0.36
9,88,65740,0.402,-0.848,-0.8,-0.355
9,89,65940,0.467,-0.736,-0.8,-0.299
9,90,66940,0.401,-0.783,-0.8,-0.312
9,91,67000,0.407,-0.809,-0.8,-0.335
9,92,67540,0.458,-0.81,-0.8,-0.351
9,93,67940,0.451,-0.702,-0.9,-0.349
9,94,68040,0.426,-0.841,-0.9,-0.358
9,95,69140,0.407,-0.868,-0.8,-0.343
9,96,69280,0.397,-0.828,-0.8,-0.367
9,97,69880,0.494,-0.614,-0.9,-0.325
9,98,72940,0.465,-0.818,-0.8,-0.309
9,99,75280,0.435,-0.815,-0.8,-0.333
9,100,76640,0.516,-0.62,-0.8,-0.337
10,1,1400,0.453,-0.737,-0.8,-0.33
10,2,7600,0.439,-0.805,-0.8,-0.282
10,3,16400,0.465,-0.735,-0.9,-0.343
10,4,27600,0.397,-0.828,-0.8,-0.367
10,5,35000,0.404,-0.813,-0.8,-0.35
10,6,36800,0.451,-0.818,-0.8,-0.365
10,7,50480,0.526,-0.659,-0.8,-0.328
10,8,50480,0.424,-0.818,-0.8,-0.329
10,9,50740,0.469,-0.692,-0.8,-0.312
10,10,50940,0.443,-0.764,-0.9,-0.383
10,11,51080,0.462,-0.814,-0.8,-0.329
10,12,51140,0.452,-0.712,-0.8,-0.32
10,13,51540,0.451,-0.758,-0.9,-0.348
10,14,51740,0.502,-0.64,-0.9,-0.329
10,15,51880,0.391,-0.788,-0.9,-0.35
10,16,52080,0.617,-0.409,-0.8,-0.271
10,17,52340,0.459,-0.719,-0.9,-0.324
10,18,52480,0.399,-0.857,-0.8,-0.37
10,19,52540,0.46,-0.729,-0.8,-0.33
10,20,52680,0.415,-0.777,-0.8,-0.33
10,21,52680,0.451,-0.818,-0.8,-0.365
10,22,52880,0.445,-0.817,-0.8,-0.364
10,23,52880,0.425,-0.814,-0.9,-0.36
10,24,52940,0.467,-0.736,-0.8,-0.299
10,25,53080,0.516,-0.62,-0.8,-0.337
10,26,53140,0.451,-0.709,-0.9,-0.33
10,27,53140,0.452,-0.811,-0.8,-0.343
10,28,53680,0.401,-0.783,-0.8,-0.312
10,29,53740,0.399,-0.874,-0.9,-0.377
10,30,53880,0.464,-0.738,-0.8,-0.34
10,31,53940,0.395,-0.821,-0.9,-0.36
10,32,53940,0.509,-0.618,-0.8,-0.336
10,33,53940,0.432,-0.839,-0.8,-0.341
10,34,54080,0.437,-0.824,-0.9,-0.386
10,35,54080,0.429,-0.759,-0.9,-0.373
10,36,54080,0.399,-0.823,-0.8,-0.367
10,37,54280,0.43,-0.813,-0.8,-0.358
10,38,54340,0.429,-0.817,-0.8,-0.341
10,39,54340,0.401,-0.817,-0.9,-0.366
10,40,54340,0.451,-0.702,-0.9,-0.349
10,41,54680,0.47,-0.754,-0.8,-0.3
10,42,54680,0.494,-0.614,-0.9,-0.325
10,43,54680,0.458,-0.754,-0.9,-0.353
10,44,54940,0.414,-0.844,-0.9,-0.357
10,45,54940,0.426,-0.841,-0.9,-0.358
10,46,55000,0.598,-0.446,-0.8,-0.316
10,47,55080,0.439,-0.765,-0.7,-0.31
10,48,55140,0.463,-0.718,-0.8,-0.329
10,49,55400,0.402,-0.848,-0.8,-0.355
10,50,55740,0.426,-0.747,-0.8,-0.36
10,51,56000,0.432,-0.839,-0.8,-0.347
10,52,56080,0.407,-0.809,-0.8,-0.335
10,53,56140,0.443,-0.827,-0.8,-0.323
10,54,56140,0.452,-0.814,-0.8,-0.354
10,55,56480,0.471,-0.743,-0.8,-0.333
10,56,56540,0.417,-0.821,-0.8,-0.349
10,57,57140,0.394,-0.843,-0.9,-0.377
10,58,57140,0.462,-0.814,-0.8,-0.329
10,59,57140,0.459,-0.815,-0.8,-0.325
10,60,58740,0.427,-0.819,-0.8,-0.359
10,61,59140,0.446,-0.775,-0.8,-0.329
10,62,59880,0.417,-0.816,-0.9,-0.351
10,63,60340,0.435,-0.818,-0.8,-0.336
10,64,60880,0.476,-0.717,-0.8,-0.335
10,65,60940,0.445,-0.778,-0.8,-0.325
10,66,61680,0.483,-0.713,-0.8,-0.331
10,67,62000,0.426,-0.797,-0.8,-0.327
10,68,62280,0.479,-0.718,-0.8,-0.317
10,69,62880,0.436,-0.745,-0.9,-0.34
10,70,63080,0.479,-0.718,-0.8,-0.317
10,71,63280,0.453,-0.812,-0.8,-0.296
10,72,63680,0.509,-0.648,-0.8,-0.325
10,73,63740,0.485,-0.916,-0.824,-0.283
10,74,63880,0.465,-0.818,-0.8,-0.309
10,75,63880,0.471,-0.736,-0.9,-0.35
10,76,63940,0.476,-0.717,-0.8,-0.335
10,77,64000,0.568,-0.538,-0.8,-0.296
10,78,64080,0.407,-0.868,-0.8,-0.343
10,79,64140,0.416,-0.842,-0.8,-0.351
10,80,64280,0.404,-0.813,-0.9,-0.352
10,81,64400,0.506,-0.617,-0.8,-0.331
10,82,64480,0.426,-0.83,-0.8,-0.374
10,83,64480,0.422,-0.822,-0.9,-0.345
10,84,64540,0.435,-0.815,-0.8,-0.333
10,85,64880,0.422,-0.838,-0.8,-0.339
10,86,64940,0.396,-0.851,-0.9,-0.41
10,87,64940,0.511,-0.629,-0.8,-0.33
10,88,65280,0.496,-0.65,-0.9,-0.341
10,89,66080,0.446,-0.816,-0.8,-0.333
10,90,66140,0.447,-0.673,-0.9,-0.32
10,91,67200,0.4,-0.831,-0.8,-0.388
10,92,67880,0.455,-0.822,-0.8,-0.315
10,93,68740,0.398,-0.846,-0.8,-0.366
10,94,71280,0.429,-0.786,-0.8,-0.346
10,95,73140,0.423,-0.82,-0.8,-0.351
10,96,73240,0.446,-0.829,-0.8,-0.333
10,97,73600,0.488,-0.74,-0.8,-0.347
10,98,73900,0.399,-0.838,-0.8,-0.361
10,99,74400,0.406,-0.819,-0.8,-0.399
10,100,74480,0.458,-0.81,-0.8,-0.351
11,1,13800,0.446,-0.829,-0.8,-0.333
11,2,26200,0.426,-0.83,-0.8,-0.374
11,3,28800,0.399,-0.835,-0.8,-0.374
11,4,37600,0.479,-0.718,-0.8,-0.317
11,5,39600,0.476,-0.717,-0.8,-0.335
11,6,40800,0.442,-0.804,-0.8,-0.331
11,7,43800,0.429,-0.824,-0.8,-0.356
11,8,49680,0.424,-0.83,-0.8,-0.332
11,9,49880,0.457,-0.816,-0.8,-0.334
11,10,49880,0.457,-0.816,-0.8,-0.334
11,11,49940,0.496,-0.766,-0.8,-0.307
11,12,50340,0.471,-0.736,-0.9,-0.35
11,13,50480,0.394,-0.843,-0.9,-0.377
11,14,50540,0.469,-0.711,-0.8,-0.329
11,15,51080,0.472,-0.779,-0.8,-0.332
11,16,51400,0.398,-0.846,-0.8,-0.366
11,17,51480,0.457,-0.742,-0.8,-0.337
11,18,51480,0.452,-0.814,-0.8,-0.354
11,19,51480,0.399,-0.838,-0.8,-0.361
11,20,51680,0.465,-0.818,-0.8,-0.309
11,21,52000,0.453,-0.812,-0.8,-0.296
11,22,52080,0.568,-0.538,-0.8,-0.296
11,23,52080,0.447,-0.781,-0.8,-0.334
11,24,52200,0.412,-0.834,-0.8,-0.367
11,25,52340,0.426,-0.823,-0.8,-0.336
11,26,52400,0.425,-0.815,-0.8,-0.342
11,27,52480,0.459,-0.815,-0.8,-0.325
11,28,52540,0.411,-0.827,-0.8,-0.367
11,29,52540,0.501,-0.677,-0.8,-0.315
11,30,52740,0.447,-0.78,-0.8,-0.373
11,31,52880,0.449,-0.774,-0.8,-0.349
11,32,52940,0.413,-0.818,-0.9,-0.348
11,33,52940,0.4,-0.831,-0.8,-0.388
11,34,53140,0.511,-0.629,-0.8,-0.33
11,35,53280,0.429,-0.824,-0.8,-0.356
11,36,53540,0.426,-0.814,-0.8,-0.351
11,37,53680,0.506,-0.617,-0.8,-0.331
11,38,53680,0.446,-0.755,-0.8,-0.327
11,39,53880,0.501,-0.634,-0.9,-0.336
11,40,54140,0.476,-0.717,-0.8,-0.335
11,41,54280,0.446,-0.816,-0.8,-0.333
11,42,54280,0.435,-0.818,-0.8,-0.336
11,43,54280,0.483,-0.713,-0.8,-0.331
11,44,54340,0.432,-0.839,-0.8,-0.347
11,45,54340,0.416,-0.842,-0.8,-0.351
11,46,54340,0.447,-0.673,-0.9,-0.32
11,47,54340,0.422,-0.838,-0.8,-0.339
11,48,54480,0.458,-0.81,-0.8,-0.351
11,49,54680,0.449,-0.774,-0.8,-0.349
11,50,54680,0.455,-0.822,-0.8,-0.315
11,51,54740,0.449,-0.735,-0.8,-0.347
11,52,54740,0.407,-0.809,-0.8,-0.335
11,53,54880,0.441,-0.771,-0.8,-0.368
11,54,55340,0.404,-0.813,-0.9,-0.352
11,55,55540,0.417,-0.816,-0.9,-0.351
11,56,55800,0.422,-0.822,-0.9,-0.345
11,57,56080,0.471,-0.743,-0.8,-0.333
11,58,56340,0.407,-0.868,-0.8,-0.343
11,59,56480,0.416,-0.799,-0.9,-0.376
11,60,56480,0.426,-0.797,-0.8,-0.327
11,61,56740,0.417,-0.821,-0.8,-0.349
11,62,56940,0.43,-0.818,-0.8,-0.333
11,63,57680,0.482,-0.728,-0.8,-0.322
11,64,58140,0.443,-0.827,-0.8,-0.323
11,65,59280,0.479,-0.718,-0.8,-0.317
11,66,59540,0.422,-0.834,-0.8,-0.347
11,67,60340,0.45,-0.731,-0.9,-0.346
11,68,61000,0.416,-0.842,-0.9,-0.347
11,69,61080,0.446,-0.775,-0.8,-0.329
11,70,61680,0.45,-0.879,-0.8,-0.317
11,71,62080,0.429,-0.786,-0.8,-0.346
11,72,62280,0.399,-0.835,-0.8,-0.374
11,73,62340,0.429,-0.827,-0.8,-0.358
11,74,62480,0.42,-0.785,-0.8,-0.372
11,75,62480,0.426,-0.803,-0.8,-0.349
11,76,62680,0.436,-0.745,-0.9,-0.34
11,77,63340,0.434,-0.75,-0.8,-0.336
11,78,63540,0.406,-0.842,-0.8,-0.373
11,79,63880,0.399,-0.835,-0.8,-0.374
11,80,64340,0.488,-0.74,-0.8,-0.347
11,81,64540,0.426,-0.794,-0.8,-0.346
11,82,64880,0.452,-0.754,-0.8,-0.332
11,83,65280,0.462,-0.814,-0.8,-0.329
11,84,65340,0.509,-0.648,-0.8,-0.325
11,85,65680,0.426,-0.834,-0.8,-0.341
11,86,65740,0.406,-0.819,-0.8,-0.399
11,87,66540,0.454,-1.457,-0.8,-0.349
11,88,66680,0.429,-0.827,-0.8,-0.358
11,89,66840,0.419,-0.825,-0.8,-0.345
11,90,67400,0.396,-0.851,-0.9,-0.41
11,91,68400,0.429,-0.827,-0.8,-0.358
11,92,69940,0.435,-0.815,-0.8,-0.333
11,93,70300,0.485,-0.916,-0.824,-0.283
11,94,73740,0.426,-0.83,-0.8,-0.339
11,95,74740,0.496,-0.65,-0.9,-0.341
11,96,76000,0.427,-0.819,-0.8,-0.359
11,97,76540,0.445,-0.778,-0.8,-0.325
11,98,76640,0.41,-0.827,-0.9,-0.352
11,99,76800,0.423,-0.82,-0.8,-0.351
11,100,86140,0.442,-0.804,-0.8,-0.331
12,1,3800,0.481,-1.056,-0.8,-0.337
12,2,13200,0.441,-0.884,-0.9,-0.345
12,3,23600,0.45,-0.879,-0.8,-0.317
12,4,23600,0.417,-0.821,-0.8,-0.349
12,5,25000,0.396,-0.851,-0.9,-0.41
12,6,27600,0.454,-1.457,-0.8,-0.349
12,7,29800,0.509,-0.648,-0.8,-0.325
12,8,30000,0.488,-0.74,-0.8,-0.347
12,9,31800,0.422,-0.825,-0.8,-0.366
12,10,37800,0.399,-0.835,-0.8,-0.374
12,11,49740,0.453,-1.11,-0.8,-0.341
12,12,50340,0.419,-0.825,-0.8,-0.345
12,13,50800,0.47,-0.715,-0.8,-0.333
12,14,50880,0.452,-0.751,-0.9,-0.368
12,15,50940,0.424,-0.825,-0.8,-0.345
12,16,50940,0.436,-0.814,-0.8,-0.343
12,17,51080,0.432,-0.801,-0.8,-0.337
12,18,51280,0.435,-0.817,-0.8,-0.335
12,19,51340,0.406,-0.819,-0.8,-0.399
12,20,51680,0.403,-0.838,-0.9,-0.379
12,21,51740,0.416,-0.842,-0.9,-0.347
12,22,51880,0.407,-0.809,-0.8,-0.335
12,23,52140,0.435,-0.815,-0.8,-0.333
12,24,52280,0.421,-0.822,-0.8,-0.348
12,25,52400,0.408,-0.823,-0.9,-0.374
12,26,52480,0.422,-0.822,-0.9,-0.345
12,27,52480,0.429,-0.786,-0.8,-0.346
12,28,52540,0.446,-0.775,-0.8,-0.329
12,29,52680,0.459,-0.736,-0.8,-0.346
12,30,52680,0.426,-0.794,-0.8,-0.346
12,31,52880,0.444,-0.824,-0.8,-0.335
12,32,52880,0.423,-0.82,-0.8,-0.351
12,33,52940,0.427,-0.819,-0.8,-0.359
12,34,53080,0.486,-0.731,-0.8,-0.327
12,35,53080,0.474,-0.718,-0.8,-0.325
12,36,53140,0.426,-0.834,-0.8,-0.341
12,37,53140,0.479,-0.718,-0.8,-0.317
12,38,53540,0.485,-0.916,-0.824,-0.283
12,39,53540,0.429,-0.798,-0.8,-0.352
12,40,53680,0.437,-0.802,-0.8,-0.344
12,41,53740,0.424,-0.826,-0.8,-0.346
12,42,53740,0.429,-0.827,-0.8,-0.358
12,43,53880,0.427,-0.829,-0.8,-0.348
12,44,53940,0.481,-0.701,-0.8,-0.328
12,45,54280,0.457,-0.876,-0.8,-0.311
12,46,54340,0.461,-0.739,-0.9,-0.34
12,47,54340,0.427,-0.815,-0.8,-0.341
12,48,54540,0.422,-0.834,-0.8,-0.347
12,49,54680,0.426,-0.803,-0.8,-0.349
12,50,54740,0.417,-0.79,-0.8,-0.357
12,51,54940,0.471,-0.734,-0.8,-0.329
12,52,55080,0.425,-0.82,-0.8,-0.355
12,53,55140,0.441,-0.771,-0.8,-0.368
12,54,55200,0.426,-0.823,-0.8,-0.354
12,55,55540,0.407,-0.868,-0.8,-0.343
12,56,55540,0.443,-0.817,-0.8,-0.345
12,57,55740,0.44,-0.796,-0.8,-0.329
12,58,55940,0.434,-0.75,-0.8,-0.336
12,59,56140,0.426,-0.797,-0.8,-0.327
12,60,56480,0.428,-0.823,-0.8,-0.359
12,61,56740,0.429,-0.827,-0.8,-0.358
12,62,56740,0.496,-0.65,-0.9,-0.341
12,63,57280,0.443,-0.827,-0.8,-0.323
12,64,57480,0.445,-0.778,-0.8,-0.325
12,65,58080,0.406,-0.842,-0.8,-0.373
12,66,58800,0.399,-0.835,-0.8,-0.374
12,67,59280,0.426,-0.83,-0.8,-0.339
12,68,59740,0.42,-0.785,-0.8,-0.372
12,69,60280,0.426,-0.823,-0.8,-0.354
12,70,61140,0.417,-0.816,-0.9,-0.351
12,71,61440,0.404,-0.813,-0.9,-0.352
12,72,62480,0.482,-0.728,-0.8,-0.322
12,73,62480,0.497,-0.787,-0.8,-0.303
12,74,62480,0.41,-0.827,-0.9,-0.352
12,75,62540,0.428,-0.788,-0.8,-0.344
12,76,62880,0.461,-0.735,-0.8,-0.35
12,77,63080,0.416,-0.799,-0.9,-0.376
12,78,63140,0.45,-0.731,-0.9,-0.346
12,79,63540,0.42,-0.796,-0.8,-0.355
12,80,64000,0.44,-1.148,-0.8,-0.345
12,81,64280,0.471,-0.743,-0.8,-0.333
12,82,64300,0.437,-0.801,-0.8,-0.341
12,83,64740,0.442,-0.804,-0.8,-0.331
12,84,64880,0.417,-0.823,-0.8,-0.351
12,85,64940,0.436,-0.745,-0.9,-0.34
12,86,65140,0.429,-0.827,-0.8,-0.358
12,87,65140,0.418,-0.823,-0.9,-0.355
12,88,65280,0.452,-0.754,-0.8,-0.332
12,89,65540,0.413,-0.824,-0.9,-0.351
12,90,66300,0.433,-0.812,-0.8,-0.34
12,91,66480,0.437,-0.801,-0.8,-0.341
12,92,66480,0.43,-0.818,-0.8,-0.333
12,93,66880,0.435,-0.816,-0.8,-0.335
12,94,67940,0.439,-0.789,-0.8,-0.347
12,95,68680,0.424,-0.813,-0.8,-0.346
12,96,70400,0.462,-0.814,-0.8,-0.329
12,97,70440,0.449,-0.735,-0.8,-0.347
12,98,72140,0.422,-0.825,-0.8,-0.366
12,99,72540,0.436,-1.163,-0.8,-0.348
12,100,73140,0.427,-0.82,-0.8,-0.339
13,1,21400,0.437,-0.801,-0.8,-0.341
13,2,26400,0.442,-0.804,-0.8,-0.331
13,3,27400,0.425,-0.821,-0.8,-0.343
13,4,39800,0.423,-0.821,-0.8,-0.347
13,5,49140,0.497,-0.787,-0.8,-0.303
13,6,49480,0.448,-0.813,-0.8,-0.334
13,7,50340,0.452,-0.754,-0.8,-0.332
13,8,50680,0.436,-0.811,-0.8,-0.332
13,9,50740,0.457,-0.719,-0.8,-0.357
13,10,50880,0.471,-0.734,-0.8,-0.329
13,11,50880,0.416,-0.799,-0.9,-0.376
13,12,50940,0.427,-0.8,-0.8,-0.358
13,13,51280,0.438,-0.974,-0.8,-0.343
13,14,51680,0.422,-0.825,-0.8,-0.366
13,15,51740,0.449,-0.815,-0.8,-0.332
13,16,51740,0.426,-0.823,-0.8,-0.354
13,17,52080,0.45,-0.731,-0.9,-0.346
13,18,52140,0.442,-0.82,-0.8,-0.348
13,19,52340,0.43,-0.807,-0.8,-0.344
13,20,52340,0.399,-0.835,-0.8,-0.374
13,21,52340,0.429,-0.827,-0.8,-0.358
13,22,52340,0.426,-0.823,-0.8,-0.354
13,23,52540,0.439,-0.789,-0.8,-0.347
13,24,52680,0.445,-0.786,-0.8,-0.35
13,25,52740,0.452,-0.809,-0.8,-0.33
13,26,52740,0.433,-0.812,-0.8,-0.34
13,27,52880,0.42,-0.785,-0.8,-0.372
13,28,52940,0.439,-0.774,-0.9,-0.336
13,29,52940,0.42,-0.796,-0.8,-0.355
13,30,53000,0.435,-0.816,-0.8,-0.335
13,31,53140,0.435,-0.764,-0.8,-0.351
13,32,53280,0.45,-0.808,-0.8,-0.335
13,33,53280,0.423,-0.804,-0.8,-0.363
13,34,53280,0.417,-0.823,-0.8,-0.351
13,35,53340,0.427,-0.82,-0.8,-0.339
13,36,53340,0.439,-0.779,-0.8,-0.352
13,37,53480,0.436,-1.163,-0.8,-0.348
13,38,53540,0.421,-0.807,-0.8,-0.346
13,39,53540,0.496,-0.65,-0.9,-0.341
13,40,53680,0.482,-0.728,-0.8,-0.322
13,41,53880,0.471,-0.743,-0.8,-0.333
13,42,54080,0.425,-0.822,-0.8,-0.352
13,43,54080,0.432,-0.821,-0.8,-0.346
13,44,54140,0.425,-0.82,-0.8,-0.355
13,45,54280,0.439,-0.76,-0.8,-0.346
13,46,54280,0.426,-0.83,-0.8,-0.339
13,47,54480,0.441,-0.771,-0.8,-0.368
13,48,54480,0.41,-0.827,-0.9,-0.352
13,49,54800,0.426,-0.797,-0.8,-0.327
13,50,54940,0.429,-0.994,-0.8,-0.357
13,51,55080,0.449,-0.735,-0.8,-0.347
13,52,55200,0.437,-0.801,-0.8,-0.341
13,53,55400,0.443,-0.817,-0.8,-0.345
13,54,55540,0.443,-0.814,-0.8,-0.337
13,55,55940,0.407,-0.868,-0.8,-0.343
13,56,56480,0.413,-0.818,-0.8,-0.364
13,57,56540,0.42,-0.822,-0.8,-0.345
13,58,56680,0.404,-0.813,-0.9,-0.352
13,59,56940,0.444,-0.761,-0.8,-0.347
13,60,56940,0.434,-0.75,-0.8,-0.336
13,61,57140,0.436,-0.745,-0.9,-0.34
13,62,57340,0.434,-0.809,-0.8,-0.337
13,63,57940,0.439,-0.779,-0.8,-0.352
13,64,59200,0.431,-0.801,-0.8,-0.346
13,65,59400,0.439,-0.779,-0.8,-0.352
13,66,59740,0.429,-0.813,-0.8,-0.354
13,67,60400,0.424,-0.813,-0.8,-0.346
13,68,61440,0.431,-0.801,-0.8,-0.346
13,69,61940,0.44,-0.993,-0.8,-0.338
13,70,61940,0.43,-0.818,-0.8,-0.333
13,71,62080,0.461,-0.735,-0.8,-0.35
13,72,62200,0.406,-0.842,-0.8,-0.373
13,73,62400,0.43,-0.993,-0.8,-0.347
13,74,62480,0.462,-0.814,-0.8,-0.329
13,75,63400,0.429,-0.827,-0.8,-0.358
13,76,63880,0.435,-0.788,-0.8,-0.341
13,77,63880,0.44,-0.796,-0.8,-0.329
13,78,63940,0.445,-0.778,-0.8,-0.325
13,79,64140,0.444,-0.817,-0.8,-0.334
13,80,64940,0.438,-0.784,-0.8,-0.339
13,81,64940,0.436,-0.809,-0.8,-0.338
13,82,65140,0.433,-0.814,-0.8,-0.35
13,83,65480,0.428,-0.806,-0.8,-0.349
13,84,65540,0.436,-0.966,-0.8,-0.344
13,85,65540,0.443,-0.814,-0.8,-0.337
13,86,65740,0.413,-0.824,-0.9,-0.351
13,87,65880,0.454,-0.772,-0.8,-0.337
13,88,66540,0.437,-0.774,-0.8,-0.347
13,89,67080,0.418,-0.823,-0.9,-0.355
13,90,67880,0.417,-0.816,-0.9,-0.351
13,91,68140,0.441,-0.79,-0.8,-0.345
13,92,68540,0.44,-1.148,-0.8,-0.345
13,93,71540,0.441,-0.975,-0.8,-0.338
13,94,72680,0.436,-0.997,-0.8,-0.342
13,95,72940,0.429,-0.814,-0.8,-0.341
13,96,74080,0.443,-0.827,-0.8,-0.323
13,97,74280,0.428,-0.823,-0.8,-0.359
13,98,77540,0.479,-0.761,-0.8,-0.327
13,99,81940,0.445,-0.932,-0.8,-0.346
13,100,85340,0.428,-0.788,-0.8,-0.344
14,1,14000,0.429,-0.827,-0.8,-0.358
14,2,17200,0.444,-0.884,-0.8,-0.342
14,3,21400,0.447,-0.775,-0.8,-0.344
14,4,32800,0.437,-0.774,-0.8,-0.347
14,5,38000,0.443,-1.03,-0.8,-0.346
14,6,38800,0.441,-1.06,-0.8,-0.341
14,7,42400,0.427,-0.989,-0.8,-0.348
14,8,49880,0.445,-0.821,-0.8,-0.344
14,9,50080,0.439,-0.781,-0.8,-0.341
14,10,50480,0.44,-0.808,-0.8,-0.339
14,11,50880,0.418,-0.823,-0.9,-0.355
14,12,51200,0.459,-0.773,-0.8,-0.333
14,13,51280,0.43,-0.818,-0.8,-0.333
14,14,51480,0.441,-0.963,-0.8,-0.344
14,15,51480,0.422,-0.812,-0.8,-0.363
14,16,51600,0.436,-0.814,-0.8,-0.339
14,17,51880,0.438,-0.986,-0.8,-0.34
14,18,51940,0.441,-0.794,-0.8,-0.339
14,19,51940,0.441,-0.79,-0.8,-0.345
14,20,52000,0.433,-0.814,-0.8,-0.35
14,21,52280,0.461,-0.775,-0.8,-0.335
14,22,52340,0.479,-0.761,-0.8,-0.327
14,23,52540,0.461,-0.735,-0.8,-0.35
14,24,52540,0.445,-0.932,-0.8,-0.346
14,25,52880,0.449,-0.735,-0.8,-0.347
14,26,52880,0.442,-0.809,-0.8,-0.334
14,27,53000,0.431,-0.801,-0.8,-0.346
14,28,53080,0.437,-0.807,-0.8,-0.342
14,29,53080,0.43,-0.816,-0.9,-0.343
14,30,53140,0.443,-0.814,-0.8,-0.337
14,31,53140,0.406,-0.842,-0.8,-0.373
14,32,53540,0.441,-0.807,-0.8,-0.33
14,33,53540,0.428,-0.796,-0.8,-0.346
14,34,53680,0.443,-0.814,-0.8,-0.337
14,35,53680,0.447,-0.775,-0.8,-0.35
14,36,53680,0.437,-0.801,-0.8,-0.341
14,37,53740,0.45,-0.775,-0.8,-0.331
14,38,53880,0.413,-0.818,-0.8,-0.364
14,39,53940,0.444,-0.793,-0.8,-0.343
14,40,54000,0.431,-0.801,-0.8,-0.346
14,41,54000,0.435,-0.911,-0.8,-0.346
14,42,54140,0.447,-0.878,-0.8,-0.338
14,43,54280,0.423,-0.8,-0.8,-0.347
14,44,54340,0.454,-0.791,-0.8,-0.343
14,45,54680,0.429,-0.814,-0.8,-0.341
14,46,54740,0.417,-0.816,-0.9,-0.351
14,47,54740,0.434,-0.75,-0.8,-0.336
14,48,54740,0.441,-0.947,-0.8,-0.345
14,49,54880,0.428,-0.819,-0.8,-0.35
14,50,55000,0.431,-0.822,-0.8,-0.336
14,51,55140,0.428,-0.788,-0.8,-0.344
14,52,55480,0.407,-0.868,-0.8,-0.343
14,53,55680,0.431,-0.793,-0.8,-0.347
14,54,55740,0.432,-0.886,-0.8,-0.346
14,55,55940,0.454,-0.772,-0.8,-0.337
14,56,56140,0.428,-0.823,-0.8,-0.359
14,57,56280,0.449,-0.861,-0.8,-0.342
14,58,56480,0.444,-0.817,-0.8,-0.334
14,59,56940,0.436,-0.966,-0.8,-0.344
14,60,57140,0.443,-0.817,-0.8,-0.345
14,61,57280,0.439,-0.779,-0.8,-0.352
14,62,57480,0.426,-0.813,-0.9,-0.345
14,63,57540,0.42,-0.822,-0.8,-0.345
14,64,57540,0.434,-0.979,-0.8,-0.352
14,65,58200,0.435,-0.811,-0.8,-0.343
14,66,59540,0.462,-0.814,-0.8,-0.329
14,67,60140,0.413,-0.824,-0.9,-0.351
14,68,60340,0.433,-0.883,-0.8,-0.35
14,69,61680,0.436,-0.809,-0.8,-0.338
14,70,61940,0.439,-0.779,-0.8,-0.352
14,71,62140,0.443,-0.827,-0.8,-0.323
14,72,62200,0.404,-0.813,-0.9,-0.352
14,73,63140,0.441,-0.789,-0.8,-0.343
14,74,63540,0.424,-0.818,-0.8,-0.348
14,75,64440,0.441,-0.975,-0.8,-0.338
14,76,64740,0.436,-0.997,-0.8,-0.342
14,77,64880,0.436,-0.745,-0.9,-0.34
14,78,65480,0.44,-0.993,-0.8,-0.338
14,79,65540,0.44,-1.148,-0.8,-0.345
14,80,65680,0.434,-0.809,-0.8,-0.337
14,81,66040,0.444,-0.882,-0.8,-0.335
14,82,66680,0.427,-0.91,-0.8,-0.346
14,83,66740,0.442,-0.9,-0.8,-0.33
14,84,67340,0.435,-0.788,-0.8,-0.341
14,85,67540,0.442,-0.981,-0.8,-0.334
14,86,67740,0.438,-0.784,-0.8,-0.339
14,87,68080,0.461,-0.793,-0.8,-0.325
14,88,68880,0.444,-0.761,-0.8,-0.347
14,89,68940,0.442,-0.867,-0.8,-0.343
14,90,69940,0.445,-0.778,-0.8,-0.325
14,91,73080,0.435,-0.8,-0.8,-0.34
14,92,73280,0.428,-0.806,-0.8,-0.349
14,93,73480,0.432,-0.812,-0.8,-0.34
14,94,73940,0.424,-0.813,-0.8,-0.346
14,95,75140,0.429,-0.813,-0.8,-0.354
14,96,75480,0.412,-0.817,-0.9,-0.349
14,97,75500,0.44,-0.796,-0.8,-0.329
14,98,75740,0.43,-0.993,-0.8,-0.347
14,99,77680,0.438,-1.07,-0.8,-0.343
14,100,83740,0.412,-0.828,-0.9,-0.362
15,1,15600,0.427,-0.91,-0.8,-0.346
15,2,16400,0.437,-1.037,-0.8,-0.343
15,3,17200,0.439,-0.877,-0.8,-0.339
15,4,27400,0.444,-0.817,-0.8,-0.334
15,5,27800,0.431,-0.904,-0.8,-0.344
15,6,30800,0.436,-0.809,-0.8,-0.338
15,7,35800,0.426,-0.794,-0.8,-0.338
15,8,37000,0.436,-0.745,-0.9,-0.34
15,9,39400,0.435,-0.788,-0.8,-0.341
15,10,42200,0.42,-0.822,-0.8,-0.345
15,11,49740,0.444,-0.878,-0.8,-0.329
15,12,50200,0.412,-0.828,-0.9,-0.362
15,13,50480,0.442,-0.9,-0.8,-0.33
15,14,50740,0.439,-0.79,-0.8,-0.334
15,15,50740,0.437,-0.765,-0.8,-0.534
15,16,50940,0.426,-0.841,-0.9,-0.346
15,17,51080,0.441,-0.975,-0.8,-0.338
15,18,51140,0.429,-0.901,-0.8,-0.348
15,19,51140,0.404,-0.813,-0.9,-0.352
15,20,51140,0.439,-0.828,-0.8,-0.342
15,21,51280,0.445,-0.778,-0.8,-0.325
15,22,51340,0.444,-0.818,-0.8,-0.347
15,23,51400,0.443,-0.817,-0.8,-0.345
15,24,51740,0.422,-0.814,-0.9,-0.346
15,25,51880,0.44,-0.993,-0.8,-0.338
15,26,51880,0.433,-0.854,-0.8,-0.338
15,27,51940,0.432,-0.812,-0.8,-0.34
15,28,51940,0.427,-0.813,-0.8,-0.35
15,29,52480,0.439,-0.839,-0.8,-0.338
15,30,52540,0.427,-0.805,-0.9,-0.345
15,31,52540,0.43,-0.993,-0.8,-0.347
15,32,52600,0.443,-0.827,-0.8,-0.323
15,33,52680,0.424,-0.813,-0.8,-0.346
15,34,52940,0.412,-0.817,-0.9,-0.349
15,35,53000,0.428,-0.806,-0.8,-0.349
15,36,53080,0.448,-0.797,-0.8,-0.333
15,37,53140,0.434,-0.809,-0.8,-0.337
15,38,53400,0.436,-0.888,-0.8,-0.339
15,39,53540,0.423,-0.803,-0.9,-0.345
15,40,53680,0.437,-0.796,-0.8,-0.341
15,41,53680,0.412,-0.823,-0.9,-0.356
15,42,53800,0.434,-0.816,-0.9,-0.34
15,43,53880,0.423,-0.803,-0.9,-0.345
15,44,53880,0.439,-0.779,-0.8,-0.352
15,45,53940,0.432,-0.886,-0.8,-0.346
15,46,54140,0.442,-0.867,-0.8,-0.343
15,47,54280,0.462,-0.814,-0.8,-0.329
15,48,54280,0.431,-0.803,-0.8,-0.345
15,49,54340,0.454,-0.772,-0.8,-0.337
15,50,54480,0.412,-0.826,-0.9,-0.357
15,51,54540,0.442,-0.981,-0.8,-0.334
15,52,54540,0.441,-0.789,-0.8,-0.343
15,53,54680,0.441,-0.83,-0.8,-0.336
15,54,54740,0.407,-0.868,-0.8,-0.343
15,55,54940,0.444,-0.882,-0.8,-0.335
15,56,55080,0.426,-0.813,-0.9,-0.345
15,57,55600,0.423,-0.784,-0.9,-0.345
15,58,55600,0.438,-0.784,-0.8,-0.339
15,59,55680,0.444,-0.761,-0.8,-0.347
15,60,56540,0.433,-0.883,-0.8,-0.35
15,61,56600,0.439,-0.784,-0.8,-0.342
15,62,56740,0.44,-0.96,-0.8,-0.336
15,63,56740,0.422,-0.815,-0.9,-0.345
15,64,57800,0.421,-0.905,-0.8,-0.348
15,65,57800,0.435,-0.8,-0.8,-0.34
15,66,58200,0.428,-0.788,-0.8,-0.344
15,67,58200,0.428,-0.823,-0.8,-0.359
15,68,59080,0.425,-0.804,-0.9,-0.346
15,69,61080,0.44,-0.796,-0.8,-0.329
15,70,61680,0.425,-0.945,-0.8,-0.346
15,71,61680,0.426,-0.841,-0.9,-0.346
15,72,61940,0.424,-0.801,-0.9,-0.344
15,73,62080,0.424,-0.818,-0.8,-0.348
15,74,62340,0.435,-0.811,-0.8,-0.343
15,75,62540,0.419,-0.886,-0.9,-0.348
15,76,62540,0.429,-0.813,-0.8,-0.354
15,77,62680,0.413,-0.824,-0.9,-0.351
15,78,63000,0.434,-0.979,-0.8,-0.352
15,79,63140,0.434,-0.796,-0.8,-0.336
15,80,63280,0.418,-0.821,-0.9,-0.354
15,81,63340,0.44,-1.029,-0.8,-0.339
15,82,64340,0.443,-0.891,-0.8,-0.332
15,83,64680,0.438,-1.07,-0.8,-0.343
15,84,64940,0.451,-0.891,-0.8,-0.331
15,85,66000,0.435,-0.905,-0.8,-0.338
15,86,66480,0.427,-0.805,-0.9,-0.345
15,87,66680,0.436,-0.966,-0.8,-0.344
15,88,66680,0.439,-0.79,-0.8,-0.334
15,89,68540,0.449,-0.861,-0.8,-0.342
15,90,68600,0.431,-0.793,-0.8,-0.347
15,91,68800,0.432,-0.844,-0.8,-0.345
15,92,69540,0.432,-0.898,-0.8,-0.344
15,93,70540,0.433,-0.815,-0.8,-0.341
15,94,70880,0.436,-0.997,-0.8,-0.342
15,95,71340,0.436,-0.776,-0.9,-0.341
15,96,71540,0.439,-0.779,-0.8,-0.352
15,97,73480,0.425,-0.971,-0.9,-0.347
15,98,76280,0.461,-0.793,-0.8,-0.325
15,99,84340,0.432,-0.804,-0.8,-0.337
15,100,86940,0.44,-1.148,-0.8,-0.345
,,,,,,
population size = 100,,,,,,
children size = 50,,,,,,
selection rate = 0.1,,,,,,
mutation rate  = 0.03,,,,,,
move_limit = 300,,,,,,
